{"match":85,"filename":null,"filesize":null,"show":{"id":44081,"title":"Into the Badlands","ruTitle":"\u0412 \u043f\u0443\u0441\u0442\u044b\u043d\u0435 \u0441\u043c\u0435\u0440\u0442\u0438","status":"Returning Series","country":"US","started":"Nov\/15\/2015","ended":null,"year":null,"kinopoiskId":null,"tvrageId":49739,"imdbId":null,"watching":null,"voted":null,"rating":null,"runtime":43,"image":"https:\/\/media.myshows.me\/shows\/small\/e\/e4\/e4e6d09caafe7e30d2843cac071f0619.jpg","genres":null,"images":["e4e6d09caafe7e30d2843cac071f0619.jpg"],"description":null,"episodes":{"16381498":{"id":16381498,"showId":44081,"title":"Enter the Phoenix","airDate":"22.04.2018","shortName":"s03e01","tvrageLink":"http:\/\/www.tvmaze.com\/episodes\/1389915\/into-the-badlands-3x01-enter-the-phoenix","image":"https:\/\/media.myshows.me\/episodes\/normal\/9\/e4\/9e41759e35c80b76300908a10f4c0f18.jpg","seasonNumber":3,"episodeNumber":1,"productionNumber":null,"sequenceNumber":0}}}}